{
  "checkpoint": "/home/minhnhutngnn/Priv4MER/checkpoints/federated/MSP_IMPROV_loso_run_20250117_L1_C5_test_session1_clientval10_seed42/pretrain/global_round_latest.pt",
  "num_clients": 5,
  "test_samples": 4945,
  "global_WA": 0.5510616784630941,
  "global_UA": 0.5548287671232877,
  "global_WF1": 0.5509638190971436,
  "global_UF1": 0.5505569438981163
}